Name of Member,Party Name,Constituency,State,UT,Category,Woman,First time,Age,DOB
"Sharma, Shri Kuldeep Rai",Indian National Congress,Andaman and Nicobar Islands,Andaman and Nicobar Islands,1,General,0,1,53,10/9/1967
"Beesetti , Dr. Venkata Satyavathi",Yuvajana Sramika Rythu Congress Party,Anakapalle,Andhra Pradesh,0,General,1,1,55,4/28/1966
"Bellana, Shri Chandra Sekhar",Yuvajana Sramika Rythu Congress Party,Vizianagaram,Andhra Pradesh,0,General,0,1,59,11/8/1961
"Chinta Anuradha, Smt.",Yuvajana Sramika Rythu Congress Party,Amalapuram,Andhra Pradesh,0,SC,1,1,48,10/18/1972
"Galla, Shri Jayadev",Telugu Desam Party,Guntur,Andhra Pradesh,0,General,0,0,55,3/24/1966
"Gurumoorthy, Shri Maddila",Yuvajana Sramika Rythu Congress Party,Tirupati,Andhra Pradesh,0,SC,0,1,35,6/22/1985
"Kanumuru, Shri Raghu Ramakrishna Raju",Yuvajana Sramika Rythu Congress Party,Narsapuram,Andhra Pradesh,0,General,0,1,59,5/14/1962
"Kesineni, Shri Srinivas",Telugu Desam Party,Vijayawada,Andhra Pradesh,0,General,0,0,55,1/22/1966
"Lavu, Shri Sri Krishna Devarayalu",Yuvajana Sramika Rythu Congress Party,Narasaraopet,Andhra Pradesh,0,General,0,1,38,4/29/1983
"Madhav, Shri Kuruva Gorantla",Yuvajana Sramika Rythu Congress Party,Hindupur,Andhra Pradesh,0,General,0,1,52,1/6/1969
"Madhavi, Smt. Goddeti",Yuvajana Sramika Rythu Congress Party,Araku,Andhra Pradesh,0,ST,1,1,28,6/18/1992
"Margani, Shri Bharat Ram",Yuvajana Sramika Rythu Congress Party,Rajahmundry,Andhra Pradesh,0,General,0,1,38,12/5/1982
"Nallakonda Gari, Shri Reddeppa",Yuvajana Sramika Rythu Congress Party,Chittoor,Andhra Pradesh,0,SC,0,1,70,1/10/1951
"Ram Mohan Naidu, Shri Kinjarapu",Telugu Desam Party,Srikakulam,Andhra Pradesh,0,General,0,0,33,12/18/1987
"Rangaiah, Shri Talari",Yuvajana Sramika Rythu Congress Party,Anantapur,Andhra Pradesh,0,General,0,1,51,3/6/1970
"Reddy, Shri Adala Prabhakara",Yuvajana Sramika Rythu Congress Party,Nellore,Andhra Pradesh,0,General,0,1,72,10/25/1948
"Reddy, Shri Magunta Sreenivasulu",Yuvajana Sramika Rythu Congress Party,Ongole,Andhra Pradesh,0,General,0,0,67,10/15/1953
"Reddy, Shri P.V. Midhun",Yuvajana Sramika Rythu Congress Party,Rajampet,Andhra Pradesh,0,General,0,0,43,8/29/1977
"Reddy, Shri Pocha Brahmananda",Yuvajana Sramika Rythu Congress Party,Nandyal,Andhra Pradesh,0,General,0,1,63,1/1/1958
"Reddy, Shri Y. S. Avinash",Yuvajana Sramika Rythu Congress Party,kadapa,Andhra Pradesh,0,General,0,0,36,8/27/1984
"Satyanarayana, Shri M V V",Yuvajana Sramika Rythu Congress Party,Visakhapatnam,Andhra Pradesh,0,General,0,1,54,6/25/1966
"Singari, Dr. Sanjeev Kumar",Yuvajana Sramika Rythu Congress Party,Kurnool,Andhra Pradesh,0,General,0,1,54,3/1/1967
"Sridhar, Shri Kotagiri",Yuvajana Sramika Rythu Congress Party,Eluru,Andhra Pradesh,0,General,0,1,47,10/22/1973
"Suresh, Shri Nandigam",Yuvajana Sramika Rythu Congress Party,Bapatla,Andhra Pradesh,0,SC,0,1,45,6/15/1976
"Vallabbhaneni, Shri Balashowry",Yuvajana Sramika Rythu Congress Party,Machilipatnam,Andhra Pradesh,0,General,0,0,52,9/18/1968
"Vanga, Smt. Geetha Viswanath",Yuvajana Sramika Rythu Congress Party,Kakinada,Andhra Pradesh,0,General,1,1,57,1/3/1964
"Gao, Shri Tapir",Bharatiya Janata Party,Arunachal East,Arunachal Pradesh,0,General,0,0,57,1/10/1964
"Rijiju, Shri Kiren",Bharatiya Janata Party,Arunachal West,Arunachal Pradesh,0,General,0,0,49,11/19/1971
"Ajmal, Maulana Badruddin",All India United Democratic Front,Dhubri,Assam,0,General,0,0,64,12/2/1956
"Baruah, Shri Pradan",Bharatiya Janata Party,Lakhimpur,Assam,0,General,0,0,56,4/30/1965
"Bey, Shri Horen Sing",Bharatiya Janata Party,Autonomous District,Assam,0,ST,0,1,51,5/2/1970
"Bordoloi, Shri Pradyut",Indian National Congress,Nawgong,Assam,0,General,0,1,62,3/28/1959
"Das, Shri Pallab Lochan",Bharatiya Janata Party,Tezpur,Assam,0,General,0,1,42,12/31/1978
"Dilip, Shri Saikia",Bharatiya Janata Party,Mangaldoi,Assam,0,General,0,1,48,1/9/1973
"Gogoi, Shri Gaurav",Indian National Congress,Kaliabor,Assam,0,General,0,0,39,4/9/1982
"Gogoi, Shri Topon Kumar",Bharatiya Janata Party,Jorhat,Assam,0,General,0,1,52,1/3/1969
"Khaleque, Shri Abdul",Indian National Congress,Barpeta,Assam,0,General,0,1,50,1/2/1971
"Mallah, Shri Kripanath",Bharatiya Janata Party,Karimganj,Assam,0,SC,0,1,47,10/15/1973
"Oja, Smt. Queen",Bharatiya Janata Party,Gauhati,Assam,0,General,1,1,70,11/27/1950
"Roy, Dr. Rajdeep",Bharatiya Janata Party,Silchar,Assam,0,General,0,1,50,7/9/1970
"Sarania, Shri Naba (Hira) Kumar",Independent,Kokrajhar,Assam,0,ST,0,0,52,1/5/1969
"Teli, Shri Rameswar",Bharatiya Janata Party,Dibrugarh,Assam,0,General,0,0,50,8/14/1970
"Choubey, Shri Ashwini Kumar",Bharatiya Janata Party,Buxar,Bihar,0,General,0,0,68,2/1/1953
"Devi, Smt. Rama",Bharatiya Janata Party,Sheohar,Bihar,0,General,1,0,72,5/5/1949
"Devi, Smt. Veena",Lok Jan Shakti Party,Vaishali,Bihar,0,General,1,1,54,4/22/1967
"Gopal Jee Thakur, Shri",Bharatiya Janata Party,Darbhanga,Bihar,0,General,0,1,51,10/15/1969
"Goswami, Shri Dulal Chandra",Janata Dal (United),Katihar,Bihar,0,General,0,1,53,8/10/1967
"Jaiswal, Dr. Sanjay",Bharatiya Janata Party,Paschim Champaran,Bihar,0,General,0,0,55,11/29/1965
"Jawed, Dr. Mohammad",Indian National Congress,Kishanganj,Bihar,0,General,0,1,57,6/17/1963
"Kaiser, Choudhary Mehboob Ali",Lok Jan Shakti Party,Khagaria,Bihar,0,General,0,0,63,5/13/1958
"Kamait, Shri Dileshwar",Janata Dal (United),Supaul,Bihar,0,General,0,1,75,2/2/1946
"Kumar, Shri Kaushalendra",Janata Dal (United),Nalanda,Bihar,0,General,0,0,62,1/13/1959
"Kumar, Shri Santosh",Janata Dal (United),Purnia,Bihar,0,General,0,0,45,5/2/1976
"Kumar, Shri Sunil",Janata Dal (United),Valmiki Nagar,Bihar,0,General,0,1,36,7/7/1984
"Kumar, Shri Vijay",Janata Dal (United),Gaya,Bihar,0,SC,0,1,51,4/1/1970
"Mandal, Shri Ajay Kumar",Janata Dal (United),Bhagalpur,Bihar,0,General,0,1,50,2/2/1971
"Mandal, Shri Ramprit",Janata Dal (United),Jhanjharpur,Bihar,0,General,0,1,65,1/1/1956
"Nishad, Shri Ajay",Bharatiya Janata Party,Muzaffarpur,Bihar,0,General,0,0,55,2/10/1966
"Paras, Shri Pashupati Kumar",Lok Jan Shakti Party,Hajipur,Bihar,0,SC,0,1,68,12/7/1952
"Paswan, Shri Chhedi",Bharatiya Janata Party,Sasaram,Bihar,0,SC,0,0,65,4/2/1956
"Paswan, Shri Chirag",Lok Jan Shakti Party,Jamui,Bihar,0,SC,0,0,38,10/31/1982
"Prasad, Shri Chandeshwar",Janata Dal (United),Jahanabad,Bihar,0,General,0,1,69,7/13/1951
"Prasad, Shri Ravi Shankar",Bharatiya Janata Party,Patna Sahib,Bihar,0,General,0,1,66,8/30/1954
"Prince Raj, Shri",Lok Jan Shakti Party,Samastipur,Bihar,0,SC,0,1,31,7/7/1989
"Rai, Shri Nityanand",Bharatiya Janata Party,Ujiarpur,Bihar,0,General,0,0,55,1/1/1966
"Rudy, Shri Rajiv Pratap",Bharatiya Janata Party,Saran,Bihar,0,General,0,0,59,3/30/1962
"Sigriwal, Shri Janardan Singh",Bharatiya Janata Party,Maharajganj,Bihar,0,General,0,0,62,2/1/1959
"Singh, Shri Chandan",Lok Jan Shakti Party,Nawada,Bihar,0,General,0,1,35,12/2/1985
"Singh, Shri Giriraj",Bharatiya Janata Party,Begusarai,Bihar,0,General,0,0,68,8/9/1952
"Singh, Smt. Kavita",Janata Dal (United),Siwan,Bihar,0,General,1,1,35,10/2/1985
"Singh, Shri Mahabali",Janata Dal (United),Karakat,Bihar,0,General,0,0,66,4/20/1955
"Singh, Shri Pradeep Kumar",Bharatiya Janata Party,Araria,Bihar,0,General,0,0,56,12/29/1964
"Singh, Shri Radha Mohan",Bharatiya Janata Party,Purvi Champaran,Bihar,0,General,0,0,72,1/9/1949
"Singh, Shri Raj Kumar",Bharatiya Janata Party,Arrah,Bihar,0,General,0,0,68,12/20/1952
"Singh, Shri Rajiv Ranjan (Lalan)",Janata Dal (United),Munger,Bihar,0,General,0,0,66,1/24/1955
"Singh, Shri Sushil Kumar",Bharatiya Janata Party,Aurangabad,Bihar,0,General,0,0,57,6/27/1963
"Suman, Dr. Alok Kumar",Janata Dal (United),Gopalganj,Bihar,0,SC,0,1,64,4/3/1957
"Sunil Kumar Pintu, Shri",Janata Dal (United),Sitamarhi,Bihar,0,General,0,1,59,8/22/1961
"Yadav, Shri Ashok Kumar",Bharatiya Janata Party,Madhubani,Bihar,0,General,0,1,50,6/21/1970
"Yadav, Shri Dinesh Chandra",Janata Dal (United),Madhepura,Bihar,0,General,0,0,70,1/7/1951
"Yadav, Shri Giridhari",Janata Dal (United),Banka,Bihar,0,General,0,0,60,4/14/1961
"Yadav, Shri Ram Kripal",Bharatiya Janata Party,Pataliputra,Bihar,0,General,0,0,63,12/11/1957
"Kher, Smt. Kirron",Bharatiya Janata Party,Chandigarh,Chandigarh,1,General,1,0,69,6/14/1952
"Ajgalley, Shri Guharam",Bharatiya Janata Party,Janjgir-Champa,Chhattisgarh,0,SC,0,0,54,4/30/1967
"Baghel, Shri Vijay",Bharatiya Janata Party,Durg,Chhattisgarh,0,General,0,1,61,8/15/1959
"Baij, Shri Deepak",Indian National Congress,Bastar,Chhattisgarh,0,ST,0,1,39,7/14/1981
"Mahant, Smt. Jyotsna Charandas",Indian National Congress,Korba,Chhattisgarh,0,General,1,1,67,11/18/1953
"Mandavi, Shri Mohan",Bharatiya Janata Party,Kanker,Chhattisgarh,0,ST,0,1,64,1/5/1957
"Pandey, Shri Santosh",Bharatiya Janata Party,Rajnandgaon,Chhattisgarh,0,General,0,1,53,12/31/1967
"Sahu, Shri Chunni Lal",Bharatiya Janata Party,Mahasamund,Chhattisgarh,0,General,0,1,52,8/22/1968
"Sai, Smt. Gomati",Bharatiya Janata Party,Raigarh,Chhattisgarh,0,ST,1,1,43,5/25/1978
"Sao, Shri Arun",Bharatiya Janata Party,Bilaspur,Chhattisgarh,0,General,0,1,52,11/25/1968
"Singh, Smt. Renuka",Bharatiya Janata Party,Surguja,Chhattisgarh,0,ST,1,1,57,5/1/1964
"Soni, Shri Sunil Kumar",Bharatiya Janata Party,Raipur,Chhattisgarh,0,General,0,1,59,11/28/1961
"Patel, Shri Lalubhai Babubhai",Bharatiya Janata Party,Daman and Diu,Daman and Diu,1,General,0,0,65,8/31/1955
"Naik, Shri Shripad Yesso",Bharatiya Janata Party,North Goa,Goa,0,General,0,0,69,4/10/1952
"Sardinha, Shri Francisco Cosme",Indian National Congress,South Goa,Goa,0,General,0,0,75,4/15/1946
"Bhabhor, Shri Jaswantsinh Sumanbhai",Bharatiya Janata Party,Dahod,Gujarat,0,ST,0,0,54,8/22/1966
"Bhatt, Smt. Ranjanben Dhananjay",Bharatiya Janata Party,Vadodara,Gujarat,0,General,1,0,58,10/8/1962
"Chauhan, Shri Devusinh Jesingbhai",Bharatiya Janata Party,Kheda,Gujarat,0,General,0,0,56,10/29/1964
"Chavda, Shri Vinod",Bharatiya Janata Party,Kachchh,Gujarat,0,SC,0,0,42,6/3/1979
"Chudasama, Shri Rajeshbhai Naranbhai",Bharatiya Janata Party,Junagadh,Gujarat,0,General,0,0,38,10/4/1982
"Dabhi, Shri Bharatsinhji Shankarji",Bharatiya Janata Party,Patan,Gujarat,0,General,0,1,66,3/18/1955
"Dhaduk, Shri Rameshbhai Lavjibhai",Bharatiya Janata Party,Porbandar,Gujarat,0,General,0,1,59,5/9/1962
"Jardosh, Smt. Darshana Vikram",Bharatiya Janata Party,Surat,Gujarat,0,General,1,0,60,1/21/1961
"Kachhadiya, Shri Naranbhai Bhikhabhai",Bharatiya Janata Party,Amreli,Gujarat,0,General,0,0,66,4/25/1955
"Kundariya, Shri Mohanbhai Kalyanji",Bharatiya Janata Party,Rajkot,Gujarat,0,General,0,0,70,6/9/1951
"Maadam, Smt. Poonamben Hematbhai",Bharatiya Janata Party,Jamnagar,Gujarat,0,General,1,0,46,9/23/1974
"Munjpara, Dr. Mahendrabhai Kalubhai",Bharatiya Janata Party,Surendranagar,Gujarat,0,General,0,1,52,9/21/1968
"Patel, Shri Hasmukhbhai Somabhai",Bharatiya Janata Party,Ahmedabad East,Gujarat,0,General,0,1,60,11/11/1960
"Patel, Dr. K. C.",Bharatiya Janata Party,Valsad,Gujarat,0,ST,0,0,71,10/1/1949
"Patel, Shri Mitesh Rameshbhai",Bharatiya Janata Party,Anand,Gujarat,0,General,0,1,55,8/27/1965
"Patel, Shri Parbatbhai Savabhai",Bharatiya Janata Party,Banaskantha,Gujarat,0,General,0,1,73,4/9/1948
"Patel, Smt. Sharda Anilkumar",Bharatiya Janata Party,Mahesana,Gujarat,0,General,1,1,73,3/21/1948
"Patil, Shri C. R.",Bharatiya Janata Party,Navsari,Gujarat,0,General,0,0,66,3/16/1955
"Rathod, Shri Dipsinh Shankarsinh",Bharatiya Janata Party,Sabarkantha,Gujarat,0,General,0,0,69,1/6/1952
"Rathod, Shri Ratansinh Magansinh",Bharatiya Janata Party,Panchmahal,Gujarat,0,General,0,1,61,1/2/1960
"Rathva, Smt. Gitaben Vajesingbhai",Bharatiya Janata Party,Chhota Udaipur,Gujarat,0,ST,1,1,49,3/6/1972
"Shah, Shri Amit Anil Chandra",Bharatiya Janata Party,Gandhinagar,Gujarat,0,General,0,1,56,10/22/1964
"Shiyal, Dr. Bharatiben Dhirubhai",Bharatiya Janata Party,Bhavnagar,Gujarat,0,General,1,0,57,3/23/1964
"Solanki, Dr. (Prof.) Kirit Premjibhai",Bharatiya Janata Party,Ahmedabad West,Gujarat,0,SC,0,0,70,6/17/1950
"Vasava, Shri Mansukhbhai Dhanjibhai",Bharatiya Janata Party,Bharuch,Gujarat,0,General,0,0,64,1/6/1957
"Vasava, Shri Prabhubhai Nagarbhai",Bharatiya Janata Party,Bardoli,Gujarat,0,ST,0,0,51,1/3/1970
"Bhatia, Shri Sanjay",Bharatiya Janata Party,Karnal,Haryana,0,General,0,1,53,7/29/1967
"Dharambir Singh, Shri",Bharatiya Janata Party,Bhiwani-Mahendragarh,Haryana,0,General,0,0,66,5/3/1955
"Duggal, Smt. Sunita",Bharatiya Janata Party,Sirsa,Haryana,0,SC,1,1,53,4/29/1968
"Gurjar, Shri Krishan Pal",Bharatiya Janata Party,Faridabad,Haryana,0,General,0,0,64,4/2/1957
"Kataria, Shri Rattan Lal",Bharatiya Janata Party,Ambala,Haryana,0,SC,0,0,69,12/19/1951
"Kaushik, Shri Ramesh Chander",Bharatiya Janata Party,Sonipat,Haryana,0,General,0,0,65,3/12/1956
"Rao, Inderjit Singh",Bharatiya Janata Party,Gurgaon,Haryana,0,General,0,0,70,11/2/1950
"Sharma, Dr. Arvind Kumar",Bharatiya Janata Party,Rohtak,Haryana,0,General,0,0,58,11/25/1962
"Singh, Shri Brijendra",Bharatiya Janata Party,Hisar,Haryana,0,General,0,1,49,5/13/1972
"Singh, Shri Nayab",Bharatiya Janata Party,Kurukshetra,Haryana,0,General,0,1,51,1/25/1970
"Kapoor, Shri Kishan",Bharatiya Janata Party,Kangra,Himachal Pradesh,0,General,0,1,69,6/25/1951
"Kashyap, Shri Suresh Kumar",Bharatiya Janata Party,Shimla,Himachal Pradesh,0,SC,0,1,49,7/23/1971
"Thakur, Shri Anurag Singh",Bharatiya Janata Party,Hamirpur,Himachal Pradesh,0,General,0,0,46,10/24/1974
"Abdullah, Dr. Farooq",Jammu and Kashmir National Conference,Srinagar,Jammu and Kashmir,0,General,0,0,83,10/21/1937
"Lone, Shri Mohammad Akbar",Jammu and Kashmir National Conference,Baramulla,Jammu and Kashmir,0,General,0,1,74,2/17/1947
"Masoodi, Shri Hasnain",Jammu and Kashmir National Conference,Anantnag,Jammu and Kashmir,0,General,0,1,67,2/1/1954
"Namgyal, Shri Jamyang Tsering",Bharatiya Janata Party,Ladakh,Jammu and Kashmir,0,General,0,1,36,4/8/1985
"Sharma, Shri Jugal Kishore",Bharatiya Janata Party,Jammu,Jammu and Kashmir,0,General,0,0,59,5/12/1962
"Singh, Dr. Jitendra",Bharatiya Janata Party,Udhampur,Jammu and Kashmir,0,General,0,0,65,6/11/1956
"Annpurna Devi, Smt.,",Bharatiya Janata Party,Kodarma,Jharkhand,0,General,1,1,51,2/2/1970
"Bhagat, Shri Sudarshan",Bharatiya Janata Party,Lohardaga,Jharkhand,0,ST,0,0,51,10/20/1969
"Choudhary, Shri Chandra Prakash",AJSU Party,Giridih,Jharkhand,0,General,0,1,53,8/18/1967
"Dubey, Dr. Nishikant",Bharatiya Janata Party,Godda,Jharkhand,0,General,0,0,52,1/28/1969
"Hansdak, Shri Vijay Kumar",Jharkhand Mukti Morcha,Rajmahal,Jharkhand,0,ST,0,0,38,10/27/1982
"Kora, Smt. Geeta",Indian National Congress,Singhbhum,Jharkhand,0,ST,1,1,37,9/26/1983
"Mahato, Shri Bidyut Baran",Bharatiya Janata Party,Jamshedpur,Jharkhand,0,General,0,0,58,2/15/1963
"Munda, Shri Arjun",Bharatiya Janata Party,Khunti,Jharkhand,0,ST,0,0,53,3/5/1968
"Ram, Shri Vishnu Dayal",Bharatiya Janata Party,Palamu,Jharkhand,0,SC,0,0,69,7/23/1951
"Seth, Shri Sanjay",Bharatiya Janata Party,Ranchi,Jharkhand,0,General,0,1,61,8/25/1959
"Singh, Shri Pashupati Nath",Bharatiya Janata Party,Dhanbad,Jharkhand,0,General,0,0,71,11/7/1949
"Singh, Shri Sunil Kumar",Bharatiya Janata Party,Chatra,Jharkhand,0,General,0,0,58,10/1/1962
"Sinha, Shri Jayant",Bharatiya Janata Party,Hazaribagh,Jharkhand,0,General,0,0,58,4/21/1963
"Soren, Shri Sunil",Bharatiya Janata Party,Dumka,Jharkhand,0,ST,0,1,49,6/4/1972
"Abbaiah, Shri Narayana Swamy",Bharatiya Janata Party,Chitradurga,Karnataka,0,SC,0,1,64,5/16/1957
"Ambareesh, Smt. Sumalatha",Independent,Mandya,Karnataka,0,General,1,1,57,8/27/1963
"Angadi, Smt. Mangal Suresh",Bharatiya Janata Party,Belgaum,Karnataka,0,General,1,1,,
"B.N. , Shri Bache Gowda",Bharatiya Janata Party,Chikkballapur,Karnataka,0,General,0,1,79,1/10/1942
"Basavaraj, Shri Gangasandra Siddappa",Bharatiya Janata Party,Tumkur,Karnataka,0,General,0,0,80,4/5/1941
"Gaddigoudar, Shri Parvatagouda Chandanagouda",Bharatiya Janata Party,Bagalkot,Karnataka,0,General,0,0,70,1/6/1951
"Gowda, Shri Devaragunda Venkappa Sadananda",Bharatiya Janata Party,Bangalore North,Karnataka,0,General,0,0,68,3/18/1953
"Hegde, Shri Anantkumar",Bharatiya Janata Party,Uttara Kannada,Karnataka,0,General,0,0,53,5/20/1968
"Jadhav, Dr. Umesh G.",Bharatiya Janata Party,Gulbarga,Karnataka,0,SC,0,1,62,3/24/1959
"Jigajinagi, Shri Ramesh Chandappa",Bharatiya Janata Party,Bijapur,Karnataka,0,SC,0,0,68,6/28/1952
"Jolle, Shri Annasaheb Shankar",Bharatiya Janata Party,Chikkodi,Karnataka,0,General,0,1,57,8/7/1963
"Joshi, Shri Pralhad Venkatesh",Bharatiya Janata Party,Dharwad,Karnataka,0,General,0,0,58,11/27/1962
"Karadi, Shri Sanganna Amarappa",Bharatiya Janata Party,Koppal,Karnataka,0,General,0,0,70,8/5/1950
"Karandlaje, Km. Shobha",Bharatiya Janata Party,Udupi Chikmagalur,Karnataka,0,General,1,0,54,10/23/1966
"Kateel, Shri Nalin Kumar",Bharatiya Janata Party,Dakshina Kannada,Karnataka,0,General,0,0,54,7/12/1966
"Khuba, Shri Bhagwanth",Bharatiya Janata Party,Bidar,Karnataka,0,General,0,0,54,1/6/1967
"Mohan, Shri P. C.",Bharatiya Janata Party,Bangalore Central,Karnataka,0,General,0,0,57,7/24/1963
"Muniswamy, Shri S.",Bharatiya Janata Party,Kolar,Karnataka,0,SC,0,1,46,4/16/1975
"Naik, Shri Raja Amareshwara",Bharatiya Janata Party,Raichur,Karnataka,0,ST,0,1,63,6/16/1957
"Prasad, Shri V. Sreenivasa",Bharatiya Janata Party,Chamrajanagar,Karnataka,0,SC,0,0,74,6/8/1947
"Raghavendra, Shri B. Y.",Bharatiya Janata Party,Shimoga,Karnataka,0,General,0,0,47,8/16/1973
"Revanna, Shri Prajwal",Janata Dal (Secular),Hassan,Karnataka,0,General,0,1,31,5/8/1990
"Siddeshwara, Shri Gowdar Mallikarjunappa",Bharatiya Janata Party,Davanagere,Karnataka,0,General,0,0,69,5/7/1952
"Simha, Shri Prathap",Bharatiya Janata Party,Mysore,Karnataka,0,General,0,0,44,6/21/1976
"Suresh, Shri Doddaalahalli Kempegowda",Indian National Congress,Bangalore Rural,Karnataka,0,General,0,0,54,8/4/1966
"Surya, Shri L.S. Tejasvi",Bharatiya Janata Party,Bangalore South,Karnataka,0,General,0,1,30,11/16/1990
"Udasi, Shri Shivkumar Chanabasappa",Bharatiya Janata Party,Haveri,Karnataka,0,General,0,0,54,5/20/1967
"Y, Shri Devendrappa",Bharatiya Janata Party,Bellary,Karnataka,0,ST,0,1,69,7/5/1951
Adv. A. M. Ariff,Communist Party of India (Marxist),Alappuzha,Kerala,0,General,0,1,57,5/20/1964
"Antony, Shri Anto",Indian National Congress,Pathanamthitta,Kerala,0,General,0,0,64,1/5/1957
"Basheer, Shri E. T. Mohammed",Indian Union Muslim League,Ponnani,Kerala,0,General,0,0,75,1/7/1946
"Benny, Shri Behanan",Indian National Congress,Chalakudy,Kerala,0,General,0,1,68,8/22/1952
"Chazhikadan, Shri Thomas",Kerala Congress (M),Kottayam,Kerala,0,General,0,1,68,9/25/1952
"Eden, Shri Hibi",Indian National Congress,Ernakulam,Kerala,0,General,0,1,38,4/19/1983
"Gandhi, Shri Rahul",Indian National Congress,Wayanad,Kerala,0,General,0,0,50,6/19/1970
"Haridas, Ms. Ramya",Indian National Congress,Alathur,Kerala,0,SC,1,1,34,11/1/1986
"Kodikunnil, Shri Suresh",Indian National Congress,Mavelikkara,Kerala,0,SC,0,0,59,4/6/1962
"Kuriakose, Adv. Dean",Indian National Congress,Idukki,Kerala,0,General,0,1,39,6/27/1981
"Muraleedharan, Shri K.",Indian National Congress,Vadakara,Kerala,0,General,0,0,64,5/14/1957
"Prakash, Adv. Adoor",Indian National Congress,Attingal,Kerala,0,General,0,1,66,5/24/1955
"Prathapan, Shri T.N.",Indian National Congress,Thrissur,Kerala,0,General,0,1,60,12/5/1960
"Premachandran, Shri N.K.",Revolutionary Socialist Party,Kollam,Kerala,0,General,0,0,61,5/25/1960
"Raghavan, Shri M. K.",Indian National Congress,Kozhikode,Kerala,0,General,0,0,69,4/21/1952
"Samadani, Shri Abdussamad",Indian Union Muslim League,Malappuram,Kerala,0,General,0,1,,
"Sudhakaran, Shri Kumbakudi",Indian National Congress,Kannur,Kerala,0,General,0,0,72,11/5/1948
"Tharoor, Dr. Shashi",Indian National Congress,Thiruvananthapuram,Kerala,0,General,0,0,64,9/3/1956
"Unnithan, Shri Rajmohan",Indian National Congress,Kasaragod,Kerala,0,General,0,1,67,10/6/1953
"V.K. Sreekandan, Shri",Indian National Congress,Palakkad,Kerala,0,General,0,1,51,2/27/1970
"Mohammed, Shri Faizal P.P.",Nationalist Congress Party,Lakshadweep,Lakshadweep,1,ST,0,0,46,5/28/1975
"Bhargava, Shri Ramakant",Bharatiya Janata Party,Vidisha,Madhya Pradesh,0,General,0,1,68,2/10/1953
"Bisen, Dr. Dhal Singh",Bharatiya Janata Party,Balaghat,Madhya Pradesh,0,General,0,1,69,5/14/1952
"Damor, Shri Guman Singh",Bharatiya Janata Party,Ratlam,Madhya Pradesh,0,ST,0,1,64,4/4/1957
"Darbar, Shri Chhatar Singh",Bharatiya Janata Party,Dhar,Madhya Pradesh,0,ST,0,0,66,8/1/1954
"Firojiya, Shri Anil",Bharatiya Janata Party,Ujjain,Madhya Pradesh,0,SC,0,1,49,7/14/1971
"Gupta, Shri Sudheer",Bharatiya Janata Party,Mandsour,Madhya Pradesh,0,General,0,0,62,5/19/1959
"Kulaste, Shri Faggan Singh",Bharatiya Janata Party,Mandla,Madhya Pradesh,0,ST,0,0,62,5/18/1959
"Kumar, Dr. Virendra",Bharatiya Janata Party,Tikamgarh,Madhya Pradesh,0,SC,0,0,67,2/27/1954
"Lalwani, Shri Shankar",Bharatiya Janata Party,Indore,Madhya Pradesh,0,General,0,1,59,10/16/1961
"Mishra, Shri Janardan",Bharatiya Janata Party,Rewa,Madhya Pradesh,0,General,0,0,65,1/5/1956
"Nagar, Shri Rodmal",Bharatiya Janata Party,Rajgarh,Madhya Pradesh,0,General,0,0,60,12/15/1960
"Nath, Shri Nakul K.",Indian National Congress,Chhindwara,Madhya Pradesh,0,General,0,1,46,6/21/1974
"Patel, Shri Gajendra Singh",Bharatiya Janata Party,Khargone,Madhya Pradesh,0,ST,0,1,46,2/16/1975
"Patel, Shri Prahlad Singh",Bharatiya Janata Party,Damoh,Madhya Pradesh,0,General,0,0,60,6/28/1960
"Pathak, Smt. Riti",Bharatiya Janata Party,Sidhi,Madhya Pradesh,0,General,1,0,44,1/7/1977
"Ray, Smt. Sandhya",Bharatiya Janata Party,Bhind,Madhya Pradesh,0,SC,1,1,47,4/1/1974
"Sharma, Shri Vishnu Datt",Bharatiya Janata Party,Khajuraho,Madhya Pradesh,0,General,0,1,51,1/10/1970
"Shejwalkar, Shri Vivek Narayan",Bharatiya Janata Party,Gwalior,Madhya Pradesh,0,General,0,1,74,6/13/1947
"Singh, Shri Ganesh",Bharatiya Janata Party,Satna,Madhya Pradesh,0,General,0,0,59,2/7/1962
"Singh, Smt. Himadri",Bharatiya Janata Party,Shahdol,Madhya Pradesh,0,ST,1,1,32,9/4/1988
"Singh, Shri Rajbahadur",Bharatiya Janata Party,Sagar,Madhya Pradesh,0,General,0,1,53,12/29/1967
"Singh, Shri Rakesh",Bharatiya Janata Party,Jabalpur,Madhya Pradesh,0,General,0,0,59,4/6/1962
"Singh, Shri Uday Pratap",Bharatiya Janata Party,Hoshangabad,Madhya Pradesh,0,General,0,0,56,9/6/1964
"Solanky, Shri Mahendra Singh",Bharatiya Janata Party,Dewas,Madhya Pradesh,0,SC,0,1,36,11/4/1984
"Thakur, Sadhvi Pragya Singh",Bharatiya Janata Party,Bhopal,Madhya Pradesh,0,General,1,1,51,2/2/1970
"Tomar, Shri Narendra Singh",Bharatiya Janata Party,Morena,Madhya Pradesh,0,General,0,0,63,12/6/1957
"Uikey, Shri Durga Das",Bharatiya Janata Party,Betul,Madhya Pradesh,0,ST,0,1,57,10/29/1963
"Yadav, Dr. Krishnapal Singh",Bharatiya Janata Party,Guna,Madhya Pradesh,0,General,0,1,45,1/15/1976
"Bapat, Shri Girish Bhalchandra",Bharatiya Janata Party,Pune,Maharashtra,0,General,0,1,71,3/9/1950
"Barne, Shri Shrirang Appa",Shiv Sena,Maval,Maharashtra,0,General,0,0,57,2/16/1964
"Bhamre, Dr. Subhash Ramrao",Bharatiya Janata Party,Dhule,Maharashtra,0,General,0,0,67,11/9/1953
"Bhavana Gawali (Patil), Ms.",Shiv Sena,Yavatmal-Washim,Maharashtra,0,General,1,0,48,5/23/1973
"Chikhalikar, Shri Prataprao Patil",Bharatiya Janata Party,Nanded,Maharashtra,0,General,0,1,60,2/8/1961
"Danve, Shri Raosaheb Dadarao",Bharatiya Janata Party,Jalna,Maharashtra,0,General,0,0,66,3/18/1955
"Dhanorkar, Shri Balubhau Narayanrao (Alias Suresh)",Indian National Congress,Chandrapur,Maharashtra,0,General,0,1,46,4/5/1975
"Dhotre, Shri Sanjay Shamrao",Bharatiya Janata Party,Akola,Maharashtra,0,General,0,0,62,2/26/1959
"Gadkari, Shri Nitin Jairam",Bharatiya Janata Party,Nagpur,Maharashtra,0,General,0,0,64,5/27/1957
"Gavit, Dr. Heena Vijaykumar",Bharatiya Janata Party,Nandurbar,Maharashtra,0,ST,1,0,33,6/28/1987
"Gavit, Shri Rajendra Dhedya",Shiv Sena,Palghar,Maharashtra,0,ST,0,0,53,7/24/1967
"Godse, Shri Hemant Tukaram",Shiv Sena,Nashik,Maharashtra,0,General,0,0,51,3/8/1970
"Jadhav, Shri Prataprao",Shiv Sena,Buldhana,Maharashtra,0,General,0,0,60,11/25/1960
"Jadhav, Shri Sanjay Haribhau",Shiv Sena,Parbhani,Maharashtra,0,General,0,0,54,1/6/1967
"Khadse, Smt. Raksha Nikhil",Bharatiya Janata Party,Raver,Maharashtra,0,General,1,0,34,5/13/1987
"Kirtikar, Shri Gajanan Chandrakant",Shiv Sena,Mumbai-North-West,Maharashtra,0,General,0,0,78,3/9/1943
"Kolhe, Dr. Amol Ramsing",Nationalist Congress Party,Shirur,Maharashtra,0,General,0,1,40,9/18/1980
"Kotak, Shri Manoj Kishorbhai",Bharatiya Janata Party,Mumbai-North-East,Maharashtra,0,General,0,1,48,12/25/1972
"Lokhande, Shri Sadashiv Kisan",Shiv Sena,Shirdi,Maharashtra,0,SC,0,0,59,1/6/1962
"Mahajan, Smt. Poonam Pramod",Bharatiya Janata Party,Mumbai-North-Central,Maharashtra,0,General,1,0,40,9/12/1980
"Mahaswamiji, Dr. Jaisiddeshwar Shivacharya",Bharatiya Janata Party,Solapur,Maharashtra,0,SC,0,1,66,1/6/1955
"Mandlik, Prof. Sanjay Sadashivrao",Shiv Sena,Kolhapur,Maharashtra,0,General,0,1,57,4/13/1964
"Mane, Shri Dhairyasheel S.",Shiv Sena,Hatkanangle,Maharashtra,0,General,0,1,40,12/23/1980
"Mendhe, Shri Sunil Baburao",Bharatiya Janata Party,Bhandara-Gondiya,Maharashtra,0,General,0,1,53,4/14/1968
"Munde, Dr. Pritam Gopinath Rao",Bharatiya Janata Party,Beed,Maharashtra,0,General,1,0,38,2/17/1983
"Naik Nimbalkar, Shri Ranjeetsingh",Bharatiya Janata Party,Madha,Maharashtra,0,General,0,1,44,2/19/1977
"Nete, Shri Ashok Mahadeorao",Bharatiya Janata Party,Gadchiroli-Chimur,Maharashtra,0,ST,0,0,53,1/7/1968
"Patil, Shri Hemant Shriram",Shiv Sena,Hingoli,Maharashtra,0,General,0,1,50,12/16/1970
"Patil, Shri Kapil Moreshwar",Bharatiya Janata Party,Bhiwandi,Maharashtra,0,General,0,0,60,5/3/1961
"Patil, Shri Sanjay(Kaka) Ramchandra",Bharatiya Janata Party,Sangli,Maharashtra,0,General,0,0,56,4/1/1965
"Patil, Shri Shriniwas Dadasaheb",Nationalist Congress Party,Satara,Maharashtra,0,General,0,0,79,11/4/1941
"Patil, Shri Unmesh Bhaiyyasaheb",Bharatiya Janata Party,Jalgaon,Maharashtra,0,General,0,1,42,6/24/1978
"Pawar, Dr. Bharati Pravin",Bharatiya Janata Party,Dindori,Maharashtra,0,ST,1,1,42,9/13/1978
"Rajenimbalkar, Shri Omprakash Bhupalsingh alias Pavan",Shiv Sena,Osmanabad,Maharashtra,0,General,0,1,38,1/7/1983
"Rana, Smt Navneet Ravi",Independent,Amravati,Maharashtra,0,SC,1,1,36,6/4/1985
"Raut, Shri Vinayak Bhaurao",Shiv Sena,Ratnagiri-Sindhudurg,Maharashtra,0,General,0,0,67,3/15/1954
"Sawant, Shri Arvind Ganpat",Shiv Sena,Mumbai-South,Maharashtra,0,General,0,0,69,12/31/1951
"Shetty, Shri Gopal Chinayya",Bharatiya Janata Party,Mumbai-North,Maharashtra,0,General,0,0,67,1/31/1954
"Shewale, Shri Rahul Ramesh",Shiv Sena,Mumbai South-Central,Maharashtra,0,General,0,0,48,4/14/1973
"Shinde, Dr. Shrikant Eknath",Shiv Sena,Kalyan,Maharashtra,0,General,0,0,34,4/2/1987
"Shrangare, Shri Sudhakar Tukaram",Bharatiya Janata Party,Latur,Maharashtra,0,SC,0,1,59,5/5/1962
"Sule, Smt. Supriya Sadanand",Nationalist Congress Party,Baramati,Maharashtra,0,General,1,0,51,6/30/1969
"Syed Imtiaz Jaleel, Shri",All India Majlis-E-Ittehadul Muslimeen,Aurangabad,Maharashtra,0,General,0,1,52,10/8/1968
"Tadas, Shri Ramdas Chandrabhanji",Bharatiya Janata Party,Wardha,Maharashtra,0,General,0,0,68,1/4/1953
"Tatkare, Shri Sunil Dattatray",Nationalist Congress Party,Raigad,Maharashtra,0,General,0,1,65,10/7/1955
"Tumane, Shri Krupal Balaji",Shiv Sena,Ramtek,Maharashtra,0,SC,0,0,56,1/6/1965
"Vichare, Shri Rajan Baburao",Shiv Sena,Thane,Maharashtra,0,General,0,0,60,1/8/1961
"Vikhepatil, Dr. Sujay Radhakrishna",Bharatiya Janata Party,Ahmednagar,Maharashtra,0,General,0,1,39,11/24/1981
"Pfoze, Dr. Lorho S.",Naga Peoples Front,Outer Manipur,Manipur,0,ST,0,1,61,1/27/1960
"Rajkumar, Dr. Ranjan Singh",Bharatiya Janata Party,Inner Manipur,Manipur,0,General,0,1,69,1/9/1952
"Pala, Shri Vincent H.",Indian National Congress,Shillong,Meghalaya,0,ST,0,0,53,2/14/1968
"Sangma, Smt. Agatha K.",National People's Party,Tura,Meghalaya,0,ST,1,0,40,7/24/1980
"Lalrosanga, Shri C.",Mizo National Front,Mizoram,Mizoram,0,ST,0,1,64,1/3/1957
"Yepthomi, Shri Tokheho",Nationalist Democratic Progressive Party,Nagaland,Nagaland,0,General,0,0,65,1/4/1956
"Bidhuri, Shri Ramesh",Bharatiya Janata Party,South Delhi,Delhi,1,General,0,0,59,7/18/1961
"Gambhir, Shri Gautam",Bharatiya Janata Party,East Delhi,Delhi,1,General,0,1,39,10/14/1981
"Hans, Shri Hans Raj",Bharatiya Janata Party,North West Delhi,Delhi,1,SC,0,1,58,9/4/1962
"Harsh Vardhan , Dr.",Bharatiya Janata Party,Chandni Chowk,Delhi,1,General,0,0,66,12/13/1954
"Lekhi, Smt. Meenakashi",Bharatiya Janata Party,New Delhi,Delhi,1,General,1,0,54,4/30/1967
"Singh, Shri Parvesh Sahib",Bharatiya Janata Party,West Delhi,Delhi,1,General,0,0,43,7/11/1977
"Tiwari, Shri Manoj Kumar",Bharatiya Janata Party,North East Delhi,Delhi,1,General,0,0,50,1/2/1971
"Bisoyi, Smt. Pramila",Biju Janata Dal,Aska,Odisha,0,General,1,1,72,9/15/1948
"Deb, Shri Nitesh Ganga",Bharatiya Janata Party,Sambalpur,Odisha,0,General,0,1,48,7/22/1972
"Mahtab, Shri Bhartruhari",Biju Janata Dal,Cuttack,Odisha,0,General,0,0,63,8/9/1957
"Majhi, Shri Ramesh Chandra",Biju Janata Dal,Nabarangpur,Odisha,0,ST,0,1,42,9/4/1978
"Mallick, Dr. Rajashree",Biju Janata Dal,Jagatsinghpur,Odisha,0,SC,1,1,57,3/11/1964
"Mandal, Smt. Manjulata",Biju Janata Dal,Bhadrak,Odisha,0,SC,1,1,44,6/26/1976
"Misra, Shri Pinaki",Biju Janata Dal,Puri,Odisha,0,General,0,0,61,10/23/1959
"Mohanty, Shri Anubhav",Biju Janata Dal,Kendrapara,Odisha,0,General,0,1,39,12/24/1981
"Murmu, Ms. Chandrani",Biju Janata Dal,Keonjhar,Odisha,0,ST,1,1,27,6/16/1993
"Oram, Shri Jual",Bharatiya Janata Party,Sundargarh,Odisha,0,ST,0,0,60,3/22/1961
"Panda, Shri Basanta Kumar",Bharatiya Janata Party,Kalahandi,Odisha,0,General,0,1,59,12/5/1961
"Pratap Chandra Sarangi, Shri",Bharatiya Janata Party,Balasore,Odisha,0,General,0,1,66,4/1/1955
"Pujari, Shri Suresh Kumar",Bharatiya Janata Party,Bargarh,Odisha,0,General,0,1,60,7/29/1960
"Sahoo, Shri Mahesh",Biju Janata Dal,Dhenkanal,Odisha,0,General,0,1,59,10/2/1961
"Sahu, Shri Chandra Sekhar",Biju Janata Dal,Berhampur,Odisha,0,General,0,0,70,7/7/1950
"Samanta, Shri Achyutananda",Biju Janata Dal,Kandhamal,Odisha,0,General,0,1,57,1/20/1964
"Sarangi, Smt. Aparajita",Bharatiya Janata Party,Bhubaneswar,Odisha,0,General,1,1,51,8/10/1969
"Sethi, Smt. Sarmistha Kumari",Biju Janata Dal,Jajpur,Odisha,0,SC,1,1,47,4/2/1974
"Singh Deo, Smt. Sangeeta Kumari",Bharatiya Janata Party,Bolangir,Odisha,0,General,1,0,60,3/12/1961
"Tudu, Shri Bishweswar",Bharatiya Janata Party,Mayurbhanj,Odisha,0,ST,0,1,56,3/28/1965
"Ulaka, Shri Saptagiri Sankar",Indian National Congress,Koraput,Odisha,0,ST,0,1,42,1/1/1979
"Ve., Shri Vaithilingam",Indian National Congress,Puducherry,Puducherry,1,General,0,1,71,5/10/1950
"Aujla, Shri Gurjeet Singh",Indian National Congress,Amritsar,Punjab,0,General,0,0,48,10/30/1972
"Badal, Smt. Harsimrat Kaur",Shiromani Akali Dal,Bathinda,Punjab,0,General,1,0,54,7/25/1966
"Badal, Shri Sukhbir Singh",Shiromani Akali Dal,Ferozpur,Punjab,0,General,0,0,58,9/7/1962
"Chaudhary, Shri Santokh Singh",Indian National Congress,Jalandhar,Punjab,0,SC,0,0,74,6/18/1946
"Deol, Shri Sunny",Bharatiya Janata Party,Gurdaspur,Punjab,0,General,0,1,63,10/19/1957
"Gill, Shri Jasbir Singh",Indian National Congress,Khadoor Sahib,Punjab,0,General,0,1,,
"Kaur, Smt. Preneet",Indian National Congress,Patiala,Punjab,0,General,1,0,77,3/10/1944
"Mann, Shri Bhagwant",Aam Aadmi Party,Sangrur,Punjab,0,General,0,0,47,10/17/1973
"Parkash, Shri Som",Bharatiya Janata Party,Hoshiarpur,Punjab,0,SC,0,1,72,3/4/1949
"Sadique, Mohammad",Indian National Congress,Faridkot,Punjab,0,SC,0,1,82,4/3/1939
"Singh, Dr. Amar",Indian National Congress,Fatehgarh Sahib,Punjab,0,SC,0,1,68,5/26/1953
"Singh, Shri Ravneet",Indian National Congress,Ludhiana,Punjab,0,General,0,0,45,10/9/1975
"Tewari, Shri Manish",Indian National Congress,Anandpur Sahib,Punjab,0,General,0,0,55,8/12/1965
"Baheria, Shri Subhash Chandra",Bharatiya Janata Party,Bhilwara,Rajasthan,0,General,0,0,64,12/17/1956
"Beniwal, Shri Hanuman",Rashtriya Loktantrik Party,Nagaur,Rajasthan,0,General,0,1,49,2/3/1972
"Bhagirath Choudhary, Shri",Bharatiya Janata Party,Ajmer,Rajasthan,0,General,0,1,67,1/6/1954
"Birla, Shri Om",Bharatiya Janata Party,Kota,Rajasthan,0,General,0,0,58,11/23/1962
"Bohra, Shri Ramcharan",Bharatiya Janata Party,Jaipur,Rajasthan,0,General,0,0,65,1/7/1956
"Chaudhary, Shri P.P.",Bharatiya Janata Party,Pali,Rajasthan,0,General,0,0,67,12/7/1953
"Chauhan, Shri Nihal Chand",Bharatiya Janata Party,Ganganagar,Rajasthan,0,SC,0,0,50,4/2/1971
"Choudhary, Shri Kailash",Bharatiya Janata Party,Barmer,Rajasthan,0,General,0,1,47,9/20/1973
"Jaunapuria, Shri Sukhbir Singh",Bharatiya Janata Party,Tonk-Sawai Madhopur,Rajasthan,0,General,0,0,63,10/18/1957
"Joshi, Shri Chandra Prakash",Bharatiya Janata Party,Chittorgarh,Rajasthan,0,General,0,0,46,4/11/1975
"Kaswan, Shri Rahul",Bharatiya Janata Party,Churu,Rajasthan,0,General,0,0,44,1/20/1977
"Katara, Shri Kanakmal",Bharatiya Janata Party,Banswara,Rajasthan,0,ST,0,1,64,4/5/1957
"Koli, Smt. Ranjeeta",Bharatiya Janata Party,Bharatpur,Rajasthan,0,SC,1,1,42,5/9/1979
"Kumar, Shri Narendra",Bharatiya Janata Party,Jhunjhunu,Rajasthan,0,General,0,1,60,6/29/1960
"Kumari, Km. Diya",Bharatiya Janata Party,Rajsamand,Rajasthan,0,General,1,1,50,1/30/1971
"Meena, Shri Arjunlal",Bharatiya Janata Party,Udaipur,Rajasthan,0,ST,0,0,56,12/8/1964
"Meena, Smt. Jaskaur",Bharatiya Janata Party,Dausa,Rajasthan,0,ST,1,0,74,3/5/1947
"Meghwal, Shri Arjun Ram",Bharatiya Janata Party,Bikaner,Rajasthan,0,SC,0,0,67,12/20/1953
"Nath, Shri Balak",Bharatiya Janata Party,Alwar,Rajasthan,0,General,0,1,37,4/16/1984
"Patel, Shri Devji Mansingram",Bharatiya Janata Party,Jalore,Rajasthan,0,General,0,0,44,9/25/1976
"Rajoria, Dr. Manoj",Bharatiya Janata Party,Karauli-Dholpur,Rajasthan,0,SC,0,0,51,12/19/1969
"Rathore, Col. Rajyavardhan Singh",Bharatiya Janata Party,Jaipur Rural,Rajasthan,0,General,0,0,51,1/29/1970
"Saraswati, Shri Sumedhanand",Bharatiya Janata Party,Sikar,Rajasthan,0,General,0,0,70,1/10/1951
"Shekhawat, Shri Gajendra Singh",Bharatiya Janata Party,Jodhpur,Rajasthan,0,General,0,0,54,3/10/1967
"Singh, Shri Dushyant",Bharatiya Janata Party,Jhalawar-Baran,Rajasthan,0,General,0,0,47,11/9/1973
"Subba, Shri Indra Hang",Sikkim Krantikari Morcha,Sikkim,Sikkim,0,General,0,1,32,2/2/1989
"A. Raja, Shri",Dravida Munnetra Kazhagam,Nilgiris,Tamil Nadu,0,SC,0,0,57,10/5/1963
"Annadurai, Shri C.N.",Dravida Munnetra Kazhagam,Tiruvannamalai,Tamil Nadu,0,General,0,1,47,6/21/1973
"Baalu, Shri Thalikkottai Rajuthevar",Dravida Munnetra Kazhagam,Sriperumbudur,Tamil Nadu,0,General,0,0,80,6/15/1941
"Chellakumar, Dr. A.",Indian National Congress,Krishnagiri,Tamil Nadu,0,General,0,1,60,12/1/1960
"Chidambaram, Shri Karti P.",Indian National Congress,Sivaganga,Tamil Nadu,0,General,0,1,49,11/16/1971
"Chinraj, Shri A.K.P.",Dravida Munnetra Kazhagam,Namakkal,Tamil Nadu,0,General,0,1,56,1/6/1965
"DNV Senthilkumar S, Dr.",Dravida Munnetra Kazhagam,Dharmapuri,Tamil Nadu,0,General,0,1,43,6/22/1977
"Ganeshamurthi, Shri A.",Dravida Munnetra Kazhagam,Erode,Tamil Nadu,0,General,0,0,73,10/6/1947
"Gnanathiraviam, Shri S.",Dravida Munnetra Kazhagam,Tirunelveli,Tamil Nadu,0,General,0,1,56,7/15/1964
"Jagathrakshakan, Shri S.",Dravida Munnetra Kazhagam,Arakkonam,Tamil Nadu,0,General,0,0,73,6/2/1948
"Jayakumar, Dr. K.",Indian National Congress,Tiruvallur,Tamil Nadu,0,SC,0,1,71,1/3/1950
"Jothi Mani, Ms. S.",Indian National Congress,Karur,Tamil Nadu,0,General,1,1,45,9/6/1975
"K. Navas, Shri Kani",Indian Union Muslim League,Ramanathapuram,Tamil Nadu,0,General,0,1,42,5/14/1979
"Kalanidhi, Dr. Veeraswamy",Dravida Munnetra Kazhagam,Chennai North,Tamil Nadu,0,General,0,1,52,4/25/1969
"Karunanidhi, Smt. Kanimozhi",Dravida Munnetra Kazhagam,Thoothukkudi,Tamil Nadu,0,General,1,1,53,5/1/1968
"Kathir Anand, Shri Durai Murugan",Dravida Munnetra Kazhagam,Vellore,Tamil Nadu,0,General,0,1,46,1/19/1975
"Kumar, Shri Dhanush M",Dravida Munnetra Kazhagam,Tenkasi,Tamil Nadu,0,SC,0,1,45,8/31/1975
"Maran, Thiru Dayanidhi",Dravida Munnetra Kazhagam,Chennai Central,Tamil Nadu,0,General,0,0,55,5/12/1966
"Natarajan, Shri P.R.",Communist Party of India (Marxist),Coimbatore,Tamil Nadu,0,General,0,0,70,12/21/1950
"Paarivendhar, Dr. T. R.",Dravida Munnetra Kazhagam,Perambalur,Tamil Nadu,0,General,0,1,79,8/24/1941
"Palanimanickam, Shri S.S.",Dravida Munnetra Kazhagam,Thanjavur,Tamil Nadu,0,General,0,0,70,8/15/1950
"Parthiban, Shri S.R.",Dravida Munnetra Kazhagam,Salem,Tamil Nadu,0,General,0,1,51,1/1/1970
"Pon, Dr. Gautham Sigamani",Dravida Munnetra Kazhagam,Kallakurichi,Tamil Nadu,0,General,0,1,46,6/21/1974
"Ramalingam, Shri S.",Dravida Munnetra Kazhagam,Mayiladuthurai,Tamil Nadu,0,General,0,1,76,4/24/1945
"Ramesh, Shri T.R.V.S.",Dravida Munnetra Kazhagam,Cuddalore,Tamil Nadu,0,General,0,1,50,9/11/1970
"Ravikumar, Dr. D.",Dravida Munnetra Kazhagam,Viluppuram,Tamil Nadu,0,SC,0,1,61,5/29/1960
"Ravindhranath, Shri P.",All India Anna Dravida Munnetra Kazhagam,Theni,Tamil Nadu,0,General,0,1,41,3/2/1980
"Selvam, Shri Ganesan",Dravida Munnetra Kazhagam,Kancheepuram,Tamil Nadu,0,SC,0,1,46,6/18/1974
"Selvaraj, Shri Muniyan",Communist Party of India,Nagapattinam,Tamil Nadu,0,SC,0,0,64,3/16/1957
"Subbarayan, Shri K.",Communist Party of India,Tiruppur,Tamil Nadu,0,General,0,0,73,10/8/1947
"Sundaram, Shri K. Shanmuga",Dravida Munnetra Kazhagam,Pollachi,Tamil Nadu,0,General,0,1,51,1/6/1970
"T. Sumathy (A) Thamizhachi Thangapandian, Dr.,",Dravida Munnetra Kazhagam,Chennai South,Tamil Nadu,0,General,1,1,59,4/25/1962
"Tagore B., Shri Manickam",Indian National Congress,Virudhunagar,Tamil Nadu,0,General,0,0,46,1/6/1975
"Thirumaavalavan, Dr. Tholkappiyan",Viduthalai Chiruthaigal Katchi,Chidambaram,Tamil Nadu,0,SC,0,0,58,10/7/1962
"Thirunavukkarasar, Shri Su.",Indian National Congress,Tiruchirappalli,Tamil Nadu,0,General,0,0,71,7/5/1949
"Vasanth, Shri vijayakumar (Alias) Vijay",Indian National Congress,Kanniyakumari,Tamil Nadu,0,General,0,1,,
"Velusamy, Shri P.",Dravida Munnetra Kazhagam,Dindigul,Tamil Nadu,0,General,0,1,54,3/30/1967
"Venkatesan, Shri S.",Communist Party of India (Marxist),Madurai,Tamil Nadu,0,General,0,1,51,3/16/1970
"Vishnu Prasad, Dr. M.K.",Indian National Congress,Arani,Tamil Nadu,0,General,0,1,48,8/7/1972
"Bandi, Shri Sanjay Kumar",Bharatiya Janata Party,Karimnagar,Telangana,0,General,0,1,49,11/7/1971
"Borlakunta, Shri Venkatesh Netha",Telangana Rashtra Samithi,Peddapalle,Telangana,0,SC,0,1,44,6/16/1976
"Dharmapuri, Shri Arvind",Bharatiya Janata Party,Nizamabad,Telangana,0,General,0,1,44,8/25/1976
"Gangapuram, Shri Kishan Reddy",Bharatiya Janata Party,Secunderabad,Telangana,0,General,0,1,61,6/15/1960
"Maloth, Smt. Kavitha",Telangana Rashtra Samithi,Mahabubabad,Telangana,0,ST,1,1,40,11/20/1980
"Manne, Shri Srinivas Reddy",Telangana Rashtra Samithi,Mahabubnagar,Telangana,0,General,0,1,62,2/1/1959
"Owaisi, Shri Asaduddin",All India Majlis-E-Ittehadul Muslimeen,Hyderabad,Telangana,0,General,0,0,52,5/13/1969
"Pasunoori, Shri Dayakar",Telangana Rashtra Samithi,Warangal,Telangana,0,SC,0,0,54,2/8/1967
"Patil, Shri Bheemrao Baswanthrao",Telangana Rashtra Samithi,Zahirabad,Telangana,0,General,0,0,66,1/11/1955
"Pothuganti, Shri Ramulu",Telangana Rashtra Samithi,Nagarkurnool,Telangana,0,SC,0,1,68,8/17/1952
"Rao, Shri Nama Nageswara",Telangana Rashtra Samithi,Khammam,Telangana,0,General,0,0,64,3/15/1957
"Rao, Shri Soyam Bapu",Bharatiya Janata Party,Adilabad,Telangana,0,ST,0,1,52,4/28/1969
"Reddy, Shri Anumula Revanth",Indian National Congress,Malkajgiri,Telangana,0,General,0,1,53,8/11/1967
"Reddy, Dr. Gaddam Ranjith",Telangana Rashtra Samithi,Chevella,Telangana,0,General,0,1,56,9/18/1964
"Reddy, Shri Komati Reddy Venkat",Indian National Congress,Bhongir,Telangana,0,General,0,1,58,5/23/1963
"Reddy, Shri Kotha Prabhakar",Telangana Rashtra Samithi,Medak,Telangana,0,General,0,0,55,6/6/1966
"Reddy, Shri Uttam Kumar Nalamada",Indian National Congress,Nalgonda,Telangana,0,General,0,1,58,6/20/1962
"Bhoumik, Km. Pratima",Bharatiya Janata Party,Tripura West,Tripura,0,General,1,1,52,5/28/1969
"Tripura, Shri Rebati",Bharatiya Janata Party,Tripura East,Tripura,0,ST,0,1,45,1/9/1976
"Agrawal, Shri Rajendra",Bharatiya Janata Party,Meerut,Uttar Pradesh,0,General,0,0,70,2/10/1951
"Ansari, Shri Afzal",Bahujan Samaj Party,Ghazipur,Uttar Pradesh,0,General,0,0,67,8/14/1953
"Azad, Smt. Sangeeta",Bahujan Samaj Party,Lalganj,Uttar Pradesh,0,SC,1,1,39,6/24/1981
"Baghel, Prof. S.P. Singh",Bharatiya Janata Party,Agra,Uttar Pradesh,0,SC,0,0,60,6/21/1960
"Balyan, Dr. Sanjeev Kumar",Bharatiya Janata Party,Muzaffarnagar,Uttar Pradesh,0,General,0,0,48,6/23/1972
"Barq, Shri Shafiqur Rahman",Samajwadi Party,Sambhal,Uttar Pradesh,0,General,0,0,90,11/7/1930
"Bholanath (B.P. Saroj), Shri",Bharatiya Janata Party,Machhlishahr,Uttar Pradesh,0,SC,0,1,60,1/1/1961
"Bind, Dr. Ramesh Chand",Bharatiya Janata Party,Bhadohi,Uttar Pradesh,0,General,0,1,46,7/3/1974
"Chahar, Shri Rajkumar",Bharatiya Janata Party,Fatehpur Sikri,Uttar Pradesh,0,General,0,1,53,10/7/1967
"Chandel, Kunwar Pushpendra Singh",Bharatiya Janata Party,Hamirpur,Uttar Pradesh,0,General,0,0,47,8/10/1973
"Chandra, Shri Girish",Bahujan Samaj Party,Nagina,Uttar Pradesh,0,SC,0,1,57,1/15/1964
"Chaudhary, Shri Pankaj",Bharatiya Janata Party,Maharajganj,Uttar Pradesh,0,General,0,0,56,11/20/1964
"Chaudhary, Shri Pradeep Kumar",Bharatiya Janata Party,Kairana,Uttar Pradesh,0,General,0,1,51,10/3/1969
"Diler, Shri Rajveer",Bharatiya Janata Party,Hathras,Uttar Pradesh,0,SC,0,1,63,1/5/1958
"Dubey, Shri Vijay Kumar",Bharatiya Janata Party,Kushi Nagar,Uttar Pradesh,0,General,0,1,60,6/20/1960
"Dwivedi, Shri Harish",Bharatiya Janata Party,Basti,Uttar Pradesh,0,General,0,0,47,10/22/1973
"Gandhi, Shri Feroze Varun",Bharatiya Janata Party,Pilibhit,Uttar Pradesh,0,General,0,0,41,3/13/1980
"Gandhi, Smt. Maneka Sanjay",Bharatiya Janata Party,Sultanpur,Uttar Pradesh,0,General,1,0,64,8/26/1956
"Gandhi, Smt. Sonia",Indian National Congress,Rae Bareli,Uttar Pradesh,0,General,1,0,74,9/12/1946
"Gangwar, Shri Santosh Kumar",Bharatiya Janata Party,Bareilly,Uttar Pradesh,0,General,0,0,73,1/11/1948
"Gautam, Shri Satish Kumar",Bharatiya Janata Party,Aligarh,Uttar Pradesh,0,General,0,0,49,1/7/1972
"General (Retd.), Dr. Vijay Kumar Singh",Bharatiya Janata Party,Ghaziabad,Uttar Pradesh,0,General,0,0,69,10/5/1951
"Gupta, Shri Sangamlal Kadedin",Bharatiya Janata Party,Pratapgarh,Uttar Pradesh,0,General,0,1,50,1/4/1971
"Hasan, Dr. S.T.",Samajwadi Party,Moradabad,Uttar Pradesh,0,General,0,1,62,6/29/1958
"Hema Malini, Smt.",Bharatiya Janata Party,Mathura,Uttar Pradesh,0,General,1,0,72,10/16/1948
"Irani, Smt. Smriti Zubin",Bharatiya Janata Party,Amethi,Uttar Pradesh,0,General,1,1,45,3/23/1976
"Jai Prakash, Shri",Bharatiya Janata Party,Hardoi,Uttar Pradesh,0,SC,0,0,63,4/16/1958
"Joshi, Prof. Rita Bahuguna",Bharatiya Janata Party,Allahabad,Uttar Pradesh,0,General,1,1,71,7/22/1949
"Jyoti, Sadhvi Niranjan",Bharatiya Janata Party,Fatehpur,Uttar Pradesh,0,General,1,0,54,1/3/1967
"Kashyap, Shri Dharmendra Kumar",Bharatiya Janata Party,Aonla,Uttar Pradesh,0,General,0,0,53,1/6/1968
"Katheria, Prof. (Dr.) Ram Shankar",Bharatiya Janata Party,Etawah,Uttar Pradesh,0,SC,0,0,56,9/21/1964
"Khan, Shri Mohammad Azam",Samajwadi Party,Rampur,Uttar Pradesh,0,General,0,1,72,8/14/1948
"Kishore, Shri Kaushal",Bharatiya Janata Party,Mohanlalganj,Uttar Pradesh,0,SC,0,0,61,1/25/1960
"Kunwar, Shri Danish Ali",Bahujan Samaj Party,Amroha,Uttar Pradesh,0,General,0,1,45,10/4/1975
"Kushawaha, Shri Ravindra",Bharatiya Janata Party,Salempur,Uttar Pradesh,0,General,0,0,59,1/12/1962
"Lal, Shri Akshaibar",Bharatiya Janata Party,Bahraich,Uttar Pradesh,0,SC,0,1,74,1/1/1947
"Lal, Shri Pakauri",Apna Dal,Robertsganj,Uttar Pradesh,0,SC,0,0,69,2/7/1952
"Maurya, Dr. Sanghamitra",Bharatiya Janata Party,Badaun,Uttar Pradesh,0,General,1,1,36,3/1/1985
"Misra, Shri Ajay (Teni)",Bharatiya Janata Party,Kheri,Uttar Pradesh,0,General,0,0,60,9/25/1960
"Modi, Shri Narendra Damodardas",Bharatiya Janata Party,Varanasi,Uttar Pradesh,0,General,0,0,70,9/17/1950
"Nagar, Shri Malook",Bahujan Samaj Party,Bijnor,Uttar Pradesh,0,General,0,1,57,3/7/1964
"Nishad, Shri Praveen Kumar",Bharatiya Janata Party,Sant Kabir Nagar,Uttar Pradesh,0,General,0,0,33,1/10/1988
"Pachauri, Shri Satyadev",Bharatiya Janata Party,Kanpur,Uttar Pradesh,0,General,0,1,73,12/8/1947
"Pal , Shri Jagdambika",Bharatiya Janata Party,Domariyaganj,Uttar Pradesh,0,General,0,0,70,10/21/1950
"Pandey, Dr. Mahendra Nath",Bharatiya Janata Party,Chandauli,Uttar Pradesh,0,General,0,0,63,10/15/1957
"Pandey, Shri Ritesh",Bahujan Samaj Party,Ambedkar Nagar,Uttar Pradesh,0,General,0,1,40,3/4/1981
"Paswan, Shri Kamlesh",Bharatiya Janata Party,Bansgaon,Uttar Pradesh,0,SC,0,0,45,6/8/1976
"Patel, Smt. Anupriya",Apna Dal,Mirzapur,Uttar Pradesh,0,General,1,0,40,4/28/1981
"Patel, Smt. Keshari Devi",Bharatiya Janata Party,Phulpur,Uttar Pradesh,0,General,1,1,64,1/1/1957
"Patel, Shri R.K. Singh",Bharatiya Janata Party,Banda,Uttar Pradesh,0,General,0,0,62,3/7/1959
"Pathak, Shri Subrat",Bharatiya Janata Party,Kannauj,Uttar Pradesh,0,General,0,1,41,6/30/1979
"Rajput, Shri Mukesh",Bharatiya Janata Party,Farrukhabad,Uttar Pradesh,0,General,0,0,52,8/8/1968
"Rawat, Shri Ashok Kumar",Bharatiya Janata Party,Misrikh,Uttar Pradesh,0,SC,0,0,45,11/26/1975
"Rawat, Shri Upendra Singh",Bharatiya Janata Party,Barabanki,Uttar Pradesh,0,SC,0,1,52,1/17/1969
"Rehman, Shri Haji Fazlur",Bahujan Samaj Party,Saharanpur,Uttar Pradesh,0,General,0,1,69,11/30/1951
"Sagar, Shri Arun Kumar",Bharatiya Janata Party,Shahjahanpur,Uttar Pradesh,0,SC,0,1,45,1/5/1976
"Sen, Dr. Jadon Chandra",Bharatiya Janata Party,Firozabad,Uttar Pradesh,0,General,0,1,71,6/7/1950
"Sharma, Shri Anurag",Bharatiya Janata Party,Jhansi,Uttar Pradesh,0,General,0,1,56,11/16/1964
"Sharma, Dr. Mahesh",Bharatiya Janata Party,Gautam Buddha Nagar,Uttar Pradesh,0,General,0,0,61,9/30/1959
"Shukla, Shri Ravi Kishan",Bharatiya Janata Party,Gorakhpur,Uttar Pradesh,0,General,0,1,51,7/17/1969
"Singh, Shri Atul Kumar",Bahujan Samaj Party,Ghosi,Uttar Pradesh,0,General,0,1,39,2/20/1982
"Singh, Shri Bhola",Bharatiya Janata Party,Bulandshahr,Uttar Pradesh,0,SC,0,0,43,10/9/1977
"Singh, Shri Brijbhushan Sharan",Bharatiya Janata Party,Kaiserganj,Uttar Pradesh,0,General,0,0,63,8/1/1957
"Singh, Shri Devendra (Alias) Bhole Singh",Bharatiya Janata Party,Akbarpur,Uttar Pradesh,0,General,0,0,67,2/4/1954
"Singh, Shri Kirti Vardhan",Bharatiya Janata Party,Gonda,Uttar Pradesh,0,General,0,0,55,1/3/1966
"Singh, Shri Lallu",Bharatiya Janata Party,Faizabad,Uttar Pradesh,0,General,0,0,67,1/11/1954
"Singh, Shri Raj Nath",Bharatiya Janata Party,Lucknow,Uttar Pradesh,0,General,0,0,69,10/7/1951
"Singh, Shri Rajveer (Raju Bhaiya)",Bharatiya Janata Party,Etah,Uttar Pradesh,0,General,0,0,62,3/15/1959
"Singh, Dr. Satya Pal",Bharatiya Janata Party,Baghpat,Uttar Pradesh,0,General,0,0,65,11/29/1955
"Singh, Shri Virendra",Bharatiya Janata Party,Ballia,Uttar Pradesh,0,General,0,0,64,10/21/1956
"Sonkar, Shri Vinod Kumar",Bharatiya Janata Party,Kaushambi,Uttar Pradesh,0,SC,0,0,51,2/18/1970
"Swami Maharaj, Dr. Sakshi Ji",Bharatiya Janata Party,Unnao,Uttar Pradesh,0,General,0,0,64,12/1/1956
"Tripathi, Dr. Ramapati Ram",Bharatiya Janata Party,Deoria,Uttar Pradesh,0,General,0,1,70,1/1/1951
"Verma, Shri Bhanu Pratap Singh",Bharatiya Janata Party,Jalaun,Uttar Pradesh,0,SC,0,0,63,7/15/1957
"Verma, Shri Rajesh",Bharatiya Janata Party,Sitapur,Uttar Pradesh,0,General,0,0,61,6/11/1960
"Verma, Smt. Rekha Arun",Bharatiya Janata Party,Dhaurahra,Uttar Pradesh,0,General,1,0,48,5/20/1973
"Verma, Shri Ram Shiromani",Bahujan Samaj Party,Shrawasti,Uttar Pradesh,0,General,0,1,46,5/8/1975
"Yadav, Shri Akhilesh",Samajwadi Party,Azamgarh,Uttar Pradesh,0,General,0,0,48,1/7/1973
"Yadav, Shri Mulayam Singh",Samajwadi Party,Mainpuri,Uttar Pradesh,0,General,0,0,81,11/22/1939
"Yadav, Shri Shyam Singh",Bahujan Samaj Party,Jaunpur,Uttar Pradesh,0,General,0,1,67,3/31/1954
"Bhatt, Shri Ajay",Bharatiya Janata Party,Nainital-Udhamsingh Nagar,Uttarakhand,0,General,0,1,60,1/5/1961
"Nishank, Dr. Ramesh Pokhriyal",Bharatiya Janata Party,Hardwar,Uttarakhand,0,General,0,0,61,7/15/1959
"Rawat, Shri Tirath Singh",Bharatiya Janata Party,Garhwal,Uttarakhand,0,General,0,1,56,9/4/1964
"Shah, Smt. Mala Rajya Laxmi",Bharatiya Janata Party,Tehri Garhwal,Uttarakhand,0,General,1,0,70,8/23/1950
"Tamta, Shri Ajay",Bharatiya Janata Party,Almora,Uttarakhand,0,SC,0,0,48,7/16/1972
"Adhikari, Shri Deepak (Dev)",All India Trinamool Congress,Ghatal,West Bengal,0,General,0,0,38,12/25/1982
"Adhikari, Shri Dibyendu",All India Trinamool Congress,Tamluk,West Bengal,0,General,0,0,44,12/24/1976
"Adhikari, Shri Sisir Kumar",All India Trinamool Congress,Kanthi,West Bengal,0,General,0,0,79,9/19/1941
"Ahluwalia, Shri S.S.",Bharatiya Janata Party,Bardhaman-Durgapur,West Bengal,0,General,0,0,70,4/7/1951
"Ahmed, Smt. Sajda",All India Trinamool Congress,Uluberia,West Bengal,0,General,1,0,58,6/22/1962
"Babul Supriyo, Shri",Bharatiya Janata Party,Asansol,West Bengal,0,General,0,0,50,12/15/1970
"Bandyopadhyay, Shri Sudip",All India Trinamool Congress,Kolkata Uttar,West Bengal,0,General,0,0,72,6/1/1949
"Banerjee, Shri Abhishek",All India Trinamool Congress,Diamond Harbour,West Bengal,0,General,0,0,33,7/11/1987
"Banerjee, Shri Kalyan",All India Trinamool Congress,Serampore,West Bengal,0,General,0,0,64,4/1/1957
"Banerjee, Shri Prasun",All India Trinamool Congress,Howrah,West Bengal,0,General,0,0,66,6/4/1955
"Barla, Shri John",Bharatiya Janata Party,Alipurduars,West Bengal,0,ST,0,1,45,8/8/1975
"Bista, Shri Raju",Bharatiya Janata Party,Darjeeling,West Bengal,0,General,0,1,35,3/1/1986
"Chakraborty, Ms. Mimi",All India Trinamool Congress,Jadavpur,West Bengal,0,General,1,1,,
"Chatterjee, Smt. Locket",Bharatiya Janata Party,Hooghly,West Bengal,0,General,1,1,47,4/12/1974
"Chaudhuri, Km. Debasree",Bharatiya Janata Party,Raiganj,West Bengal,0,General,1,1,50,1/31/1971
"Choudhury, Shri Abu Hasem Khan",Indian National Congress,Maldaha Dakshin,West Bengal,0,General,0,0,79,12/1/1941
"Chowdhury, Shri Adhir Ranjan",Indian National Congress,Baharampur,West Bengal,0,General,0,0,65,2/4/1956
"Dastidar, Dr. (Smt.) Kakoli Ghosh",All India Trinamool Congress,Barasat,West Bengal,0,General,1,0,61,11/23/1959
"Ghosh, Shri Dilip",Bharatiya Janata Party,Medinipur,West Bengal,0,General,0,1,57,1/8/1964
"Hembram, Shri Kunar",Bharatiya Janata Party,Jhargram,West Bengal,0,ST,0,1,58,9/23/1962
"Jatua, Shri Choudhury Mohan",All India Trinamool Congress,Mathurapur,West Bengal,0,SC,0,0,82,9/6/1938
"Khan, Shri Abu Taher",All India Trinamool Congress,Murshidabad,West Bengal,0,General,0,1,56,11/23/1964
"Mahato, Shri Jyotirmay Singh",Bharatiya Janata Party,Purulia,West Bengal,0,General,0,1,36,2/5/1985
"Majumdar, Dr. Sukanta",Bharatiya Janata Party,Balurghat,West Bengal,0,General,0,1,41,12/29/1979
"Mal, Shri Asit Kumar",All India Trinamool Congress,Bolpur,West Bengal,0,SC,0,1,65,11/7/1955
"Moitra, Smt. Mahua",All India Trinamool Congress,Krishnanagar,West Bengal,0,General,1,1,46,12/10/1974
"Mondal, Smt. Pratima",All India Trinamool Congress,Jaynagar,West Bengal,0,SC,1,0,55,2/16/1966
"Mondal, Shri Sunil Kumar",All India Trinamool Congress,Bardhaman Purba,West Bengal,0,SC,0,0,63,5/16/1958
"Murmu, Shri Khagen",Bharatiya Janata Party,Maldaha Uttar,West Bengal,0,General,0,1,61,2/2/1960
"Poddar, Smt. Aparupa",All India Trinamool Congress,Arambagh,West Bengal,0,SC,1,0,34,8/1/1986
"Pramanik, Shri Nisith",Bharatiya Janata Party,Coochbehar,West Bengal,0,SC,0,1,35,1/17/1986
"Rahaman, Shri Khalilur",All India Trinamool Congress,Jangipur,West Bengal,0,General,0,1,61,1/9/1960
"Ray, Prof. Sougata",All India Trinamool Congress,Dum Dum,West Bengal,0,General,0,0,74,6/8/1947
"Roy, Dr. Jayanta Kumar",Bharatiya Janata Party,Jalpaiguri,West Bengal,0,SC,0,1,53,3/2/1968
"Roy, Smt. Mala",All India Trinamool Congress,Kolkata Dakshin,West Bengal,0,General,1,1,63,11/19/1957
"Roy (Banerjee), Smt. Satabdi",All India Trinamool Congress,Birbhum,West Bengal,0,General,1,0,52,5/10/1969
"Ruhi, Smt. Nusrat Jahan",All India Trinamool Congress,Basirhat,West Bengal,0,General,1,1,30,8/1/1990
"Sarkar, Shri Jagannath",Bharatiya Janata Party,Ranaghat,West Bengal,0,SC,0,1,58,2/1/1963
"Sarkar, Dr. Subhas",Bharatiya Janata Party,Bankura,West Bengal,0,General,0,1,67,11/25/1953
"Saumitra, Shri Khan",Bharatiya Janata Party,Bishnupur,West Bengal,0,SC,0,0,40,8/12/1980
"Singh, Shri Arjun",Bharatiya Janata Party,Barrackpur,West Bengal,0,General,0,1,59,2/4/1962
"Thakur, Shri Shantanu",Bharatiya Janata Party,Bangaon,West Bengal,0,SC,0,1,39,3/8/1982
